new_id,legacy_ref,chapterId
CIT-0001,Q015,rights-responsibilities
CIT-0002,q-rr-013,rights-responsibilities
CIT-0003,q-rr-011,rights-responsibilities
CIT-0004,Q201,rights-responsibilities
CIT-0005,q-rr-034,rights-responsibilities
CIT-0006,q-rr-032,rights-responsibilities
CIT-0007,q-rr-027,rights-responsibilities
CIT-0008,Q194,rights-responsibilities
CIT-0009,Q012,rights-responsibilities
CIT-0010,Q217,rights-responsibilities
CIT-0011,q-rr-008,rights-responsibilities
CIT-0012,q-rr-035,rights-responsibilities
CIT-0013,Q361,rights-responsibilities
CIT-0014,q-rr-019,rights-responsibilities
CIT-0015,q-rr-031,rights-responsibilities
CIT-0016,Q013,rights-responsibilities
CIT-0017,Q394,rights-responsibilities
CIT-0018,Q465,rights-responsibilities
CIT-0019,q-rr-026,rights-responsibilities
CIT-0020,q-rr-007,rights-responsibilities
CIT-0021,Q196,rights-responsibilities
CIT-0022,q-rr-033,rights-responsibilities
CIT-0023,q-rr-003,rights-responsibilities
CIT-0024,q-rr-002,rights-responsibilities
CIT-0025,q-rr-014,rights-responsibilities
CIT-0026,q-rr-022,rights-responsibilities
CIT-0027,q-rr-030,rights-responsibilities
CIT-0028,Q197,rights-responsibilities
CIT-0029,Q375,rights-responsibilities
CIT-0030,Q002,rights-responsibilities
CIT-0031,q-rr-029,rights-responsibilities
CIT-0032,Q011,rights-responsibilities
CIT-0033,q-rr-028,rights-responsibilities
CIT-0034,q-rr-024,rights-responsibilities
CIT-0035,Q363,rights-responsibilities
CIT-0036,Q202,rights-responsibilities
CIT-0037,q-rr-017,rights-responsibilities
CIT-0038,q-rr-023,rights-responsibilities
CIT-0039,Q001,rights-responsibilities
CIT-0040,Q377,rights-responsibilities
CIT-0041,Q393,rights-responsibilities
CIT-0042,q-rr-004,rights-responsibilities
CIT-0043,Q014,rights-responsibilities
CIT-0044,Q476,rights-responsibilities
CIT-0045,q-rr-005,rights-responsibilities
CIT-0046,Q219,rights-responsibilities
CIT-0047,Q376,rights-responsibilities
CIT-0048,Q195,rights-responsibilities
CIT-0049,q-rr-012,rights-responsibilities
CIT-0050,Q017,rights-responsibilities
CIT-0051,Q200,rights-responsibilities
CIT-0052,Q016,rights-responsibilities
CIT-0053,Q199,rights-responsibilities
CIT-0054,q-rr-006,rights-responsibilities
CIT-0055,q-rr-015,rights-responsibilities
CIT-0056,q-rr-021,rights-responsibilities
CIT-0057,Q487,rights-responsibilities
CIT-0058,Q488,rights-responsibilities
CIT-0059,q-rr-018,rights-responsibilities
CIT-0060,Q362,rights-responsibilities
CIT-0061,Q504,rights-responsibilities
CIT-0062,q-rr-009,rights-responsibilities
CIT-0063,Q502,rights-responsibilities
CIT-0064,Q503,rights-responsibilities
CIT-0065,q-rr-020,rights-responsibilities
CIT-0066,q-rr-010,rights-responsibilities
CIT-0067,q-rr-001,rights-responsibilities
CIT-0068,q-rr-016,rights-responsibilities
CIT-0069,q-rr-025,rights-responsibilities
CIT-0070,Q501,rights-responsibilities
CIT-0071,Q203,rights-responsibilities
CIT-0072,Q198,rights-responsibilities
CIT-0073,Q204,who-we-are
CIT-0074,q-wwa-029,who-we-are
CIT-0075,Q209,who-we-are
CIT-0076,q-wwa-028,who-we-are
CIT-0077,Q027,who-we-are
CIT-0078,q-wwa-005,who-we-are
CIT-0079,Q216,who-we-are
CIT-0080,q-wwa-027,who-we-are
CIT-0081,q-wwa-025,who-we-are
CIT-0082,q-wwa-021,who-we-are
CIT-0083,q-wwa-013,who-we-are
CIT-0084,q-wwa-015,who-we-are
CIT-0085,Q212,who-we-are
CIT-0086,q-wwa-024,who-we-are
CIT-0087,q-wwa-008,who-we-are
CIT-0088,Q026,who-we-are
CIT-0089,q-wwa-002,who-we-are
CIT-0090,q-wwa-031,who-we-are
CIT-0091,Q477,who-we-are
CIT-0092,Q211,who-we-are
CIT-0093,Q210,who-we-are
CIT-0094,q-wwa-030,who-we-are
CIT-0095,q-wwa-026,who-we-are
CIT-0096,q-wwa-022,who-we-are
CIT-0097,Q207,who-we-are
CIT-0098,Q023,who-we-are
CIT-0099,q-wwa-032,who-we-are
CIT-0100,Q215,who-we-are
CIT-0101,q-wwa-011,who-we-are
CIT-0102,Q022,who-we-are
CIT-0103,Q020,who-we-are
CIT-0104,Q205,who-we-are
CIT-0105,Q213,who-we-are
CIT-0106,q-wwa-010,who-we-are
CIT-0107,Q440,who-we-are
CIT-0108,Q019,who-we-are
CIT-0109,q-wwa-014,who-we-are
CIT-0110,q-wwa-007,who-we-are
CIT-0111,Q218,who-we-are
CIT-0112,q-wwa-017,who-we-are
CIT-0113,Q206,who-we-are
CIT-0114,q-wwa-012,who-we-are
CIT-0115,q-wwa-018,who-we-are
CIT-0116,q-wwa-023,who-we-are
CIT-0117,q-wwa-003,who-we-are
CIT-0118,q-wwa-009,who-we-are
CIT-0119,q-wwa-004,who-we-are
CIT-0120,q-wwa-019,who-we-are
CIT-0121,Q214,who-we-are
CIT-0122,q-wwa-020,who-we-are
CIT-0123,q-wwa-006,who-we-are
CIT-0124,q-wwa-016,who-we-are
CIT-0125,q-wwa-001,who-we-are
CIT-0126,Q024,who-we-are
CIT-0127,Q021,who-we-are
CIT-0128,Q018,who-we-are
CIT-0129,Q208,who-we-are
CIT-0130,Q441,who-we-are
CIT-0131,Q223,who-we-are
CIT-0132,Q457,canadas-history
CIT-0133,Q108,canadas-history
CIT-0134,Q391,canadas-history
CIT-0135,Q390,canadas-history
CIT-0136,q-ch-009,canadas-history
CIT-0137,q-ch-041,canadas-history
CIT-0138,Q163,canadas-history
CIT-0139,Q158,canadas-history
CIT-0140,Q155,canadas-history
CIT-0141,q-ch-036,canadas-history
CIT-0142,Q045,canadas-history
CIT-0143,Q043,canadas-history
CIT-0144,Q157,canadas-history
CIT-0145,q-ch-030,canadas-history
CIT-0146,q-ch-026,canadas-history
CIT-0147,Q428,canadas-history
CIT-0148,Q430,canadas-history
CIT-0149,Q491,canadas-history
CIT-0150,Q454,canadas-history
CIT-0151,Q130,canadas-history
CIT-0152,q-ch-043,canadas-history
CIT-0153,q-ch-016,canadas-history
CIT-0154,Q461,canadas-history
CIT-0155,Q042,canadas-history
CIT-0156,Q154,canadas-history
CIT-0157,Q046,canadas-history
CIT-0158,Q402,canadas-history
CIT-0159,Q368,canadas-history
CIT-0160,Q159,canadas-history
CIT-0161,Q453,canadas-history
CIT-0162,Q470,canadas-history
CIT-0163,Q221,canadas-history
CIT-0164,Q164,canadas-history
CIT-0165,Q392,canadas-history
CIT-0166,Q220,canadas-history
CIT-0167,Q125,canadas-history
CIT-0168,Q381,canadas-history
CIT-0169,Q456,canadas-history
CIT-0170,Q458,canadas-history
CIT-0171,Q499,canadas-history
CIT-0172,Q114,canadas-history
CIT-0173,q-ch-033,canadas-history
CIT-0174,q-ch-025,canadas-history
CIT-0175,q-ch-028,canadas-history
CIT-0176,q-ch-040,canadas-history
CIT-0177,q-ch-002,canadas-history
CIT-0178,q-ch-014,canadas-history
CIT-0179,q-ch-054,canadas-history
CIT-0180,q-ch-051,canadas-history
CIT-0181,q-ch-013,canadas-history
CIT-0182,q-ch-046,canadas-history
CIT-0183,q-ch-056,canadas-history
CIT-0184,q-ch-022,canadas-history
CIT-0185,Q479,canadas-history
CIT-0186,q-ch-019,canadas-history
CIT-0187,Q103,canadas-history
CIT-0188,Q115,canadas-history
CIT-0189,q-ch-047,canadas-history
CIT-0190,Q113,canadas-history
CIT-0191,q-ch-035,canadas-history
CIT-0192,q-ch-034,canadas-history
CIT-0193,Q222,canadas-history
CIT-0194,Q478,canadas-history
CIT-0195,Q120,canadas-history
CIT-0196,Q455,canadas-history
CIT-0197,Q088,canadas-history
CIT-0198,Q078,canadas-history
CIT-0199,q-ch-038,canadas-history
CIT-0200,q-ch-008,canadas-history
CIT-0201,q-ch-037,canadas-history
CIT-0202,Q126,canadas-history
CIT-0203,q-ch-031,canadas-history
CIT-0204,q-ch-012,canadas-history
CIT-0205,Q006,canadas-history
CIT-0206,Q387,canadas-history
CIT-0207,Q160,canadas-history
CIT-0208,Q044,canadas-history
CIT-0209,Q435,canadas-history
CIT-0210,Q437,canadas-history
CIT-0211,q-ch-029,canadas-history
CIT-0212,Q119,canadas-history
CIT-0213,Q005,canadas-history
CIT-0214,Q506,canadas-history
CIT-0215,Q041,canadas-history
CIT-0216,Q107,canadas-history
CIT-0217,Q031,canadas-history
CIT-0218,Q464,canadas-history
CIT-0219,Q153,canadas-history
CIT-0220,q-ch-045,canadas-history
CIT-0221,q-ch-020,canadas-history
CIT-0222,Q404,canadas-history
CIT-0223,Q432,canadas-history
CIT-0224,Q110,canadas-history
CIT-0225,q-ch-032,canadas-history
CIT-0226,q-ch-049,canadas-history
CIT-0227,Q429,canadas-history
CIT-0228,Q380,canadas-history
CIT-0229,Q367,canadas-history
CIT-0230,Q102,canadas-history
CIT-0231,q-ch-052,canadas-history
CIT-0232,q-ch-055,canadas-history
CIT-0233,q-ch-053,canadas-history
CIT-0234,q-ch-050,canadas-history
CIT-0235,q-ch-015,canadas-history
CIT-0236,Q469,canadas-history
CIT-0237,Q451,canadas-history
CIT-0238,Q161,canadas-history
CIT-0239,Q029,canadas-history
CIT-0240,q-ch-017,canadas-history
CIT-0241,q-ch-001,canadas-history
CIT-0242,Q495,canadas-history
CIT-0243,Q039,canadas-history
CIT-0244,Q128,canadas-history
CIT-0245,Q127,canadas-history
CIT-0246,Q122,canadas-history
CIT-0247,q-ch-023,canadas-history
CIT-0248,q-ch-021,canadas-history
CIT-0249,Q111,canadas-history
CIT-0250,q-ch-042,canadas-history
CIT-0251,q-ch-044,canadas-history
CIT-0252,Q101,canadas-history
CIT-0253,Q007,canadas-history
CIT-0254,Q500,canadas-history
CIT-0255,Q124,canadas-history
CIT-0256,Q489,canadas-history
CIT-0257,Q462,canadas-history
CIT-0258,Q156,canadas-history
CIT-0259,Q452,canadas-history
CIT-0260,Q497,canadas-history
CIT-0261,Q386,canadas-history
CIT-0262,Q498,canadas-history
CIT-0263,Q117,canadas-history
CIT-0264,Q116,canadas-history
CIT-0265,Q389,canadas-history
CIT-0266,Q040,canadas-history
CIT-0267,Q034,canadas-history
CIT-0268,Q152,canadas-history
CIT-0269,q-ch-003,canadas-history
CIT-0270,Q032,canadas-history
CIT-0271,Q123,canadas-history
CIT-0272,Q507,canadas-history
CIT-0273,Q505,canadas-history
CIT-0274,q-ch-018,canadas-history
CIT-0275,Q460,canadas-history
CIT-0276,q-ch-006,canadas-history
CIT-0277,Q403,canadas-history
CIT-0278,Q010,canadas-history
CIT-0279,Q459,canadas-history
CIT-0280,q-ch-048,canadas-history
CIT-0281,Q431,canadas-history
CIT-0282,q-ch-010,canadas-history
CIT-0283,Q384,canadas-history
CIT-0284,Q106,canadas-history
CIT-0285,Q104,canadas-history
CIT-0286,Q496,canadas-history
CIT-0287,Q129,canadas-history
CIT-0288,Q383,canadas-history
CIT-0289,Q112,canadas-history
CIT-0290,Q162,canadas-history
CIT-0291,Q109,canadas-history
CIT-0292,q-ch-039,canadas-history
CIT-0293,Q121,canadas-history
CIT-0294,q-ch-024,canadas-history
CIT-0295,q-ch-004,canadas-history
CIT-0296,q-ch-007,canadas-history
CIT-0297,Q366,canadas-history
CIT-0298,q-ch-027,canadas-history
CIT-0299,Q105,canadas-history
CIT-0300,Q118,canadas-history
CIT-0301,Q035,canadas-history
CIT-0302,Q388,canadas-history
CIT-0303,Q427,canadas-history
CIT-0304,Q365,canadas-history
CIT-0305,q-ch-005,canadas-history
CIT-0306,Q030,canadas-history
CIT-0307,Q036,canadas-history
CIT-0308,q-ch-011,canadas-history
CIT-0309,Q364,canadas-history
CIT-0310,Q434,canadas-history
CIT-0311,Q433,canadas-history
CIT-0312,Q471,canadas-history
CIT-0313,Q438,canadas-history
CIT-0314,Q038,canadas-history
CIT-0315,Q322,canadas-history
CIT-0316,Q028,canadas-history
CIT-0317,Q037,canadas-history
CIT-0318,Q033,canadas-history
CIT-0319,Q436,canadas-history
CIT-0320,Q385,canadas-history
CIT-0321,Q490,canadas-history
CIT-0322,Q463,canadas-history
CIT-0323,q-mc-042,modern-canada
CIT-0324,q-mc-041,modern-canada
CIT-0325,Q139,modern-canada
CIT-0326,q-mc-035,modern-canada
CIT-0327,Q135,modern-canada
CIT-0328,Q150,modern-canada
CIT-0329,q-mc-010,modern-canada
CIT-0330,q-mc-048,modern-canada
CIT-0331,q-mc-026,modern-canada
CIT-0332,Q410,modern-canada
CIT-0333,q-mc-024,modern-canada
CIT-0334,Q096,modern-canada
CIT-0335,q-mc-045,modern-canada
CIT-0336,q-mc-027,modern-canada
CIT-0337,q-mc-025,modern-canada
CIT-0338,Q321,modern-canada
CIT-0339,q-mc-039,modern-canada
CIT-0340,Q318,modern-canada
CIT-0341,q-mc-055,modern-canada
CIT-0342,Q151,modern-canada
CIT-0343,q-mc-023,modern-canada
CIT-0344,Q413,modern-canada
CIT-0345,q-mc-037,modern-canada
CIT-0346,q-mc-059,modern-canada
CIT-0347,q-mc-036,modern-canada
CIT-0348,q-mc-034,modern-canada
CIT-0349,q-mc-044,modern-canada
CIT-0350,q-mc-047,modern-canada
CIT-0351,q-mc-038,modern-canada
CIT-0352,q-mc-002,modern-canada
CIT-0353,q-mc-001,modern-canada
CIT-0354,q-mc-007,modern-canada
CIT-0355,q-mc-006,modern-canada
CIT-0356,q-mc-005,modern-canada
CIT-0357,q-mc-009,modern-canada
CIT-0358,q-mc-016,modern-canada
CIT-0359,Q090,modern-canada
CIT-0360,q-mc-051,modern-canada
CIT-0361,Q137,modern-canada
CIT-0362,q-mc-050,modern-canada
CIT-0363,Q325,modern-canada
CIT-0364,q-mc-022,modern-canada
CIT-0365,Q415,modern-canada
CIT-0366,Q093,modern-canada
CIT-0367,Q147,modern-canada
CIT-0368,q-mc-056,modern-canada
CIT-0369,q-mc-053,modern-canada
CIT-0370,Q143,modern-canada
CIT-0371,Q317,modern-canada
CIT-0372,q-mc-057,modern-canada
CIT-0373,q-mc-017,modern-canada
CIT-0374,q-mc-031,modern-canada
CIT-0375,q-mc-043,modern-canada
CIT-0376,Q134,modern-canada
CIT-0377,Q508,modern-canada
CIT-0378,q-mc-018,modern-canada
CIT-0379,Q133,modern-canada
CIT-0380,Q140,modern-canada
CIT-0381,Q142,modern-canada
CIT-0382,q-mc-033,modern-canada
CIT-0383,q-mc-028,modern-canada
CIT-0384,q-mc-030,modern-canada
CIT-0385,Q414,modern-canada
CIT-0386,q-mc-020,modern-canada
CIT-0387,q-mc-021,modern-canada
CIT-0388,Q144,modern-canada
CIT-0389,q-mc-046,modern-canada
CIT-0390,q-mc-049,modern-canada
CIT-0391,q-mc-054,modern-canada
CIT-0392,q-mc-052,modern-canada
CIT-0393,q-mc-015,modern-canada
CIT-0394,q-mc-032,modern-canada
CIT-0395,Q132,modern-canada
CIT-0396,q-mc-019,modern-canada
CIT-0397,q-mc-029,modern-canada
CIT-0398,q-mc-003,modern-canada
CIT-0399,Q416,modern-canada
CIT-0400,q-mc-040,modern-canada
CIT-0401,Q141,modern-canada
CIT-0402,q-mc-058,modern-canada
CIT-0403,Q474,modern-canada
CIT-0404,Q131,modern-canada
CIT-0405,Q409,modern-canada
CIT-0406,Q136,modern-canada
CIT-0407,Q417,modern-canada
CIT-0408,q-mc-011,modern-canada
CIT-0409,q-mc-014,modern-canada
CIT-0410,q-mc-012,modern-canada
CIT-0411,q-mc-013,modern-canada
CIT-0412,q-mc-004,modern-canada
CIT-0413,q-mc-008,modern-canada
CIT-0414,Q145,modern-canada
CIT-0415,Q327,modern-canada
CIT-0416,Q326,modern-canada
CIT-0417,Q149,modern-canada
CIT-0418,Q148,modern-canada
CIT-0419,Q319,modern-canada
CIT-0420,Q320,modern-canada
CIT-0421,Q316,modern-canada
CIT-0422,Q146,modern-canada
CIT-0423,Q092,modern-canada
CIT-0424,Q439,modern-canada
CIT-0425,q-gov-036,how-canadians-govern-themselves
CIT-0426,q-gov-041,how-canadians-govern-themselves
CIT-0427,q-gov-009,how-canadians-govern-themselves
CIT-0428,q-gov-038,how-canadians-govern-themselves
CIT-0429,q-gov-029,how-canadians-govern-themselves
CIT-0430,q-gov-046,how-canadians-govern-themselves
CIT-0431,q-gov-047,how-canadians-govern-themselves
CIT-0432,Q307,how-canadians-govern-themselves
CIT-0433,Q473,how-canadians-govern-themselves
CIT-0434,q-gov-014,how-canadians-govern-themselves
CIT-0435,q-gov-015,how-canadians-govern-themselves
CIT-0436,Q175,how-canadians-govern-themselves
CIT-0437,Q177,how-canadians-govern-themselves
CIT-0438,q-gov-034,how-canadians-govern-themselves
CIT-0439,Q466,how-canadians-govern-themselves
CIT-0440,Q048,how-canadians-govern-themselves
CIT-0441,Q053,how-canadians-govern-themselves
CIT-0442,q-gov-033,how-canadians-govern-themselves
CIT-0443,q-gov-010,how-canadians-govern-themselves
CIT-0444,q-gov-040,how-canadians-govern-themselves
CIT-0445,q-gov-043,how-canadians-govern-themselves
CIT-0446,q-gov-049,how-canadians-govern-themselves
CIT-0447,q-gov-044,how-canadians-govern-themselves
CIT-0448,q-gov-011,how-canadians-govern-themselves
CIT-0449,q-gov-042,how-canadians-govern-themselves
CIT-0450,q-gov-002,how-canadians-govern-themselves
CIT-0451,q-gov-017,how-canadians-govern-themselves
CIT-0452,Q186,how-canadians-govern-themselves
CIT-0453,q-gov-024,how-canadians-govern-themselves
CIT-0454,q-gov-023,how-canadians-govern-themselves
CIT-0455,Q468,how-canadians-govern-themselves
CIT-0456,q-gov-021,how-canadians-govern-themselves
CIT-0457,q-gov-020,how-canadians-govern-themselves
CIT-0458,q-gov-030,how-canadians-govern-themselves
CIT-0459,q-gov-028,how-canadians-govern-themselves
CIT-0460,q-gov-027,how-canadians-govern-themselves
CIT-0461,q-gov-026,how-canadians-govern-themselves
CIT-0462,q-gov-018,how-canadians-govern-themselves
CIT-0463,q-gov-016,how-canadians-govern-themselves
CIT-0464,Q174,how-canadians-govern-themselves
CIT-0465,Q063,how-canadians-govern-themselves
CIT-0466,Q472,how-canadians-govern-themselves
CIT-0467,q-gov-035,how-canadians-govern-themselves
CIT-0468,Q181,how-canadians-govern-themselves
CIT-0469,q-gov-039,how-canadians-govern-themselves
CIT-0470,q-gov-037,how-canadians-govern-themselves
CIT-0471,Q052,how-canadians-govern-themselves
CIT-0472,Q423,how-canadians-govern-themselves
CIT-0473,q-gov-025,how-canadians-govern-themselves
CIT-0474,Q373,how-canadians-govern-themselves
CIT-0475,Q004,how-canadians-govern-themselves
CIT-0476,q-gov-001,how-canadians-govern-themselves
CIT-0477,Q511,how-canadians-govern-themselves
CIT-0478,q-gov-004,how-canadians-govern-themselves
CIT-0479,Q412,how-canadians-govern-themselves
CIT-0480,Q509,how-canadians-govern-themselves
CIT-0481,Q442,how-canadians-govern-themselves
CIT-0482,Q401,how-canadians-govern-themselves
CIT-0483,Q400,how-canadians-govern-themselves
CIT-0484,Q398,how-canadians-govern-themselves
CIT-0485,Q399,how-canadians-govern-themselves
CIT-0486,Q173,how-canadians-govern-themselves
CIT-0487,Q183,how-canadians-govern-themselves
CIT-0488,Q057,how-canadians-govern-themselves
CIT-0489,q-gov-007,how-canadians-govern-themselves
CIT-0490,Q395,how-canadians-govern-themselves
CIT-0491,Q306,how-canadians-govern-themselves
CIT-0492,Q172,how-canadians-govern-themselves
CIT-0493,Q185,how-canadians-govern-themselves
CIT-0494,q-gov-045,how-canadians-govern-themselves
CIT-0495,q-gov-012,how-canadians-govern-themselves
CIT-0496,q-gov-006,how-canadians-govern-themselves
CIT-0497,Q396,how-canadians-govern-themselves
CIT-0498,q-gov-048,how-canadians-govern-themselves
CIT-0499,Q059,how-canadians-govern-themselves
CIT-0500,Q176,how-canadians-govern-themselves
CIT-0501,Q467,how-canadians-govern-themselves
CIT-0502,q-gov-050,how-canadians-govern-themselves
CIT-0503,q-gov-003,how-canadians-govern-themselves
CIT-0504,q-gov-019,how-canadians-govern-themselves
CIT-0505,q-gov-013,how-canadians-govern-themselves
CIT-0506,q-gov-022,how-canadians-govern-themselves
CIT-0507,Q397,how-canadians-govern-themselves
CIT-0508,Q475,how-canadians-govern-themselves
CIT-0509,Q049,how-canadians-govern-themselves
CIT-0510,q-gov-005,how-canadians-govern-themselves
CIT-0511,q-gov-008,how-canadians-govern-themselves
CIT-0512,Q374,how-canadians-govern-themselves
CIT-0513,Q060,how-canadians-govern-themselves
CIT-0514,q-gov-031,how-canadians-govern-themselves
CIT-0515,q-gov-032,how-canadians-govern-themselves
CIT-0516,Q182,how-canadians-govern-themselves
CIT-0517,Q424,how-canadians-govern-themselves
CIT-0518,Q425,how-canadians-govern-themselves
CIT-0519,Q051,how-canadians-govern-themselves
CIT-0520,q-el-035,federal-elections
CIT-0521,Q058,federal-elections
CIT-0522,Q056,federal-elections
CIT-0523,q-el-013,federal-elections
CIT-0524,q-el-030,federal-elections
CIT-0525,q-el-016,federal-elections
CIT-0526,Q167,federal-elections
CIT-0527,q-el-034,federal-elections
CIT-0528,Q166,federal-elections
CIT-0529,q-el-033,federal-elections
CIT-0530,Q169,federal-elections
CIT-0531,q-el-007,federal-elections
CIT-0532,Q170,federal-elections
CIT-0533,Q315,federal-elections
CIT-0534,Q171,federal-elections
CIT-0535,q-el-036,federal-elections
CIT-0536,Q180,federal-elections
CIT-0537,Q061,federal-elections
CIT-0538,Q165,federal-elections
CIT-0539,q-el-020,federal-elections
CIT-0540,q-el-040,federal-elections
CIT-0541,q-el-039,federal-elections
CIT-0542,Q313,federal-elections
CIT-0543,Q308,federal-elections
CIT-0544,Q168,federal-elections
CIT-0545,q-el-037,federal-elections
CIT-0546,q-el-038,federal-elections
CIT-0547,Q443,federal-elections
CIT-0548,q-el-032,federal-elections
CIT-0549,q-el-041,federal-elections
CIT-0550,q-el-031,federal-elections
CIT-0551,q-el-001,federal-elections
CIT-0552,q-el-002,federal-elections
CIT-0553,q-el-029,federal-elections
CIT-0554,Q184,federal-elections
CIT-0555,q-el-004,federal-elections
CIT-0556,q-el-015,federal-elections
CIT-0557,Q310,federal-elections
CIT-0558,Q179,federal-elections
CIT-0559,q-el-006,federal-elections
CIT-0560,Q309,federal-elections
CIT-0561,q-el-019,federal-elections
CIT-0562,q-el-005,federal-elections
CIT-0563,q-el-023,federal-elections
CIT-0564,q-el-008,federal-elections
CIT-0565,q-el-003,federal-elections
CIT-0566,q-el-022,federal-elections
CIT-0567,Q426,federal-elections
CIT-0568,Q054,federal-elections
CIT-0569,q-el-017,federal-elections
CIT-0570,Q510,federal-elections
CIT-0571,Q312,federal-elections
CIT-0572,q-el-026,federal-elections
CIT-0573,q-el-014,federal-elections
CIT-0574,q-el-012,federal-elections
CIT-0575,q-el-028,federal-elections
CIT-0576,q-el-018,federal-elections
CIT-0577,q-el-009,federal-elections
CIT-0578,q-el-025,federal-elections
CIT-0579,q-el-021,federal-elections
CIT-0580,Q062,federal-elections
CIT-0581,Q178,federal-elections
CIT-0582,q-el-010,federal-elections
CIT-0583,Q055,federal-elections
CIT-0584,q-el-011,federal-elections
CIT-0585,q-el-024,federal-elections
CIT-0586,q-el-027,federal-elections
CIT-0587,Q311,federal-elections
CIT-0588,Q314,federal-elections
CIT-0589,Q191,justice-system
CIT-0590,q-js-020,justice-system
CIT-0591,q-js-011,justice-system
CIT-0592,q-js-026,justice-system
CIT-0593,q-js-021,justice-system
CIT-0594,q-js-012,justice-system
CIT-0595,q-js-014,justice-system
CIT-0596,q-js-025,justice-system
CIT-0597,Q187,justice-system
CIT-0598,Q068,justice-system
CIT-0599,q-js-005,justice-system
CIT-0600,Q445,justice-system
CIT-0601,Q370,justice-system
CIT-0602,Q188,justice-system
CIT-0603,q-js-009,justice-system
CIT-0604,q-js-024,justice-system
CIT-0605,Q420,justice-system
CIT-0606,q-js-022,justice-system
CIT-0607,q-js-023,justice-system
CIT-0608,q-js-007,justice-system
CIT-0609,Q192,justice-system
CIT-0610,q-js-019,justice-system
CIT-0611,Q371,justice-system
CIT-0612,q-js-006,justice-system
CIT-0613,Q189,justice-system
CIT-0614,Q190,justice-system
CIT-0615,q-js-002,justice-system
CIT-0616,Q193,justice-system
CIT-0617,q-js-016,justice-system
CIT-0618,Q069,justice-system
CIT-0619,Q444,justice-system
CIT-0620,q-js-018,justice-system
CIT-0621,q-js-001,justice-system
CIT-0622,Q493,justice-system
CIT-0623,Q372,justice-system
CIT-0624,q-js-004,justice-system
CIT-0625,q-js-003,justice-system
CIT-0626,Q421,justice-system
CIT-0627,q-js-010,justice-system
CIT-0628,q-js-013,justice-system
CIT-0629,q-js-015,justice-system
CIT-0630,q-js-008,justice-system
CIT-0631,q-js-017,justice-system
CIT-0632,Q067,justice-system
CIT-0633,q-cs-018,canadian-symbols
CIT-0634,Q244,canadian-symbols
CIT-0635,Q243,canadian-symbols
CIT-0636,Q234,canadian-symbols
CIT-0637,q-cs-040,canadian-symbols
CIT-0638,q-cs-042,canadian-symbols
CIT-0639,Q323,canadian-symbols
CIT-0640,q-cs-055,canadian-symbols
CIT-0641,Q239,canadian-symbols
CIT-0642,q-cs-058,canadian-symbols
CIT-0643,Q245,canadian-symbols
CIT-0644,q-cs-052,canadian-symbols
CIT-0645,Q070,canadian-symbols
CIT-0646,q-cs-026,canadian-symbols
CIT-0647,Q483,canadian-symbols
CIT-0648,q-cs-051,canadian-symbols
CIT-0649,Q252,canadian-symbols
CIT-0650,q-cs-038,canadian-symbols
CIT-0651,q-cs-037,canadian-symbols
CIT-0652,Q484,canadian-symbols
CIT-0653,Q248,canadian-symbols
CIT-0654,Q238,canadian-symbols
CIT-0655,q-cs-013,canadian-symbols
CIT-0656,q-cs-047,canadian-symbols
CIT-0657,q-cs-056,canadian-symbols
CIT-0658,q-cs-014,canadian-symbols
CIT-0659,q-cs-033,canadian-symbols
CIT-0660,q-cs-003,canadian-symbols
CIT-0661,Q237,canadian-symbols
CIT-0662,q-cs-048,canadian-symbols
CIT-0663,q-cs-012,canadian-symbols
CIT-0664,q-cs-030,canadian-symbols
CIT-0665,q-cs-001,canadian-symbols
CIT-0666,q-cs-005,canadian-symbols
CIT-0667,q-cs-036,canadian-symbols
CIT-0668,Q446,canadian-symbols
CIT-0669,q-cs-049,canadian-symbols
CIT-0670,Q009,canadian-symbols
CIT-0671,q-cs-046,canadian-symbols
CIT-0672,q-cs-043,canadian-symbols
CIT-0673,q-cs-044,canadian-symbols
CIT-0674,Q071,canadian-symbols
CIT-0675,Q228,canadian-symbols
CIT-0676,q-cs-023,canadian-symbols
CIT-0677,q-cs-022,canadian-symbols
CIT-0678,Q405,canadian-symbols
CIT-0679,Q226,canadian-symbols
CIT-0680,Q249,canadian-symbols
CIT-0681,q-cs-039,canadian-symbols
CIT-0682,q-cs-032,canadian-symbols
CIT-0683,Q233,canadian-symbols
CIT-0684,q-cs-020,canadian-symbols
CIT-0685,q-cs-019,canadian-symbols
CIT-0686,Q073,canadian-symbols
CIT-0687,q-cs-028,canadian-symbols
CIT-0688,q-cs-029,canadian-symbols
CIT-0689,Q241,canadian-symbols
CIT-0690,Q255,canadian-symbols
CIT-0691,q-cs-035,canadian-symbols
CIT-0692,Q235,canadian-symbols
CIT-0693,Q450,canadian-symbols
CIT-0694,q-cs-054,canadian-symbols
CIT-0695,Q378,canadian-symbols
CIT-0696,Q406,canadian-symbols
CIT-0697,Q449,canadian-symbols
CIT-0698,q-cs-004,canadian-symbols
CIT-0699,Q231,canadian-symbols
CIT-0700,Q230,canadian-symbols
CIT-0701,Q225,canadian-symbols
CIT-0702,q-cs-017,canadian-symbols
CIT-0703,q-cs-050,canadian-symbols
CIT-0704,q-cs-045,canadian-symbols
CIT-0705,q-cs-021,canadian-symbols
CIT-0706,q-cs-006,canadian-symbols
CIT-0707,q-cs-024,canadian-symbols
CIT-0708,Q095,canadian-symbols
CIT-0709,Q251,canadian-symbols
CIT-0710,q-cs-015,canadian-symbols
CIT-0711,Q447,canadian-symbols
CIT-0712,q-cs-041,canadian-symbols
CIT-0713,q-cs-025,canadian-symbols
CIT-0714,q-cs-034,canadian-symbols
CIT-0715,q-cs-027,canadian-symbols
CIT-0716,q-cs-031,canadian-symbols
CIT-0717,Q240,canadian-symbols
CIT-0718,Q448,canadian-symbols
CIT-0719,Q227,canadian-symbols
CIT-0720,Q247,canadian-symbols
CIT-0721,Q253,canadian-symbols
CIT-0722,Q250,canadian-symbols
CIT-0723,Q246,canadian-symbols
CIT-0724,Q232,canadian-symbols
CIT-0725,Q229,canadian-symbols
CIT-0726,Q408,canadian-symbols
CIT-0727,Q407,canadian-symbols
CIT-0728,Q224,canadian-symbols
CIT-0729,q-cs-059,canadian-symbols
CIT-0730,q-cs-009,canadian-symbols
CIT-0731,Q379,canadian-symbols
CIT-0732,q-cs-002,canadian-symbols
CIT-0733,q-cs-053,canadian-symbols
CIT-0734,q-cs-011,canadian-symbols
CIT-0735,Q512,canadian-symbols
CIT-0736,q-cs-008,canadian-symbols
CIT-0737,q-cs-007,canadian-symbols
CIT-0738,Q254,canadian-symbols
CIT-0739,q-cs-010,canadian-symbols
CIT-0740,Q324,canadian-symbols
CIT-0741,q-cs-016,canadian-symbols
CIT-0742,Q242,canadian-symbols
CIT-0743,q-cs-057,canadian-symbols
CIT-0744,Q302,canadas-economy
CIT-0745,Q422,canadas-economy
CIT-0746,Q305,canadas-economy
CIT-0747,Q297,canadas-economy
CIT-0748,q-ec-009,canadas-economy
CIT-0749,Q304,canadas-economy
CIT-0750,Q296,canadas-economy
CIT-0751,q-ec-002,canadas-economy
CIT-0752,q-ec-008,canadas-economy
CIT-0753,q-ec-004,canadas-economy
CIT-0754,q-ec-011,canadas-economy
CIT-0755,q-ec-006,canadas-economy
CIT-0756,q-ec-013,canadas-economy
CIT-0757,q-ec-015,canadas-economy
CIT-0758,q-ec-007,canadas-economy
CIT-0759,q-ec-001,canadas-economy
CIT-0760,q-ec-005,canadas-economy
CIT-0761,q-ec-014,canadas-economy
CIT-0762,Q298,canadas-economy
CIT-0763,q-ec-012,canadas-economy
CIT-0764,Q303,canadas-economy
CIT-0765,q-ec-003,canadas-economy
CIT-0766,Q077,canadas-economy
CIT-0767,Q300,canadas-economy
CIT-0768,q-ec-010,canadas-economy
CIT-0769,Q301,canadas-economy
CIT-0770,Q299,canadas-economy
CIT-0771,Q328,canadas-regions
CIT-0772,Q286,canadas-regions
CIT-0773,Q340,canadas-regions
CIT-0774,q-cr-050,canadas-regions
CIT-0775,Q281,canadas-regions
CIT-0776,Q334,canadas-regions
CIT-0777,Q331,canadas-regions
CIT-0778,Q482,canadas-regions
CIT-0779,q-cr-014,canadas-regions
CIT-0780,q-cr-019,canadas-regions
CIT-0781,Q098,canadas-regions
CIT-0782,Q335,canadas-regions
CIT-0783,q-cr-051,canadas-regions
CIT-0784,q-cr-053,canadas-regions
CIT-0785,q-cr-052,canadas-regions
CIT-0786,q-cr-028,canadas-regions
CIT-0787,q-cr-022,canadas-regions
CIT-0788,q-cr-021,canadas-regions
CIT-0789,q-cr-020,canadas-regions
CIT-0790,Q382,canadas-regions
CIT-0791,q-cr-055,canadas-regions
CIT-0792,q-cr-001,canadas-regions
CIT-0793,Q344,canadas-regions
CIT-0794,Q337,canadas-regions
CIT-0795,q-cr-002,canadas-regions
CIT-0796,q-cr-042,canadas-regions
CIT-0797,q-cr-004,canadas-regions
CIT-0798,q-cr-026,canadas-regions
CIT-0799,q-cr-027,canadas-regions
CIT-0800,q-cr-013,canadas-regions
CIT-0801,q-cr-060,canadas-regions
CIT-0802,q-cr-018,canadas-regions
CIT-0803,q-cr-023,canadas-regions
CIT-0804,q-cr-003,canadas-regions
CIT-0805,Q418,canadas-regions
CIT-0806,Q085,canadas-regions
CIT-0807,Q086,canadas-regions
CIT-0808,Q339,canadas-regions
CIT-0809,Q275,canadas-regions
CIT-0810,Q272,canadas-regions
CIT-0811,q-cr-039,canadas-regions
CIT-0812,q-cr-031,canadas-regions
CIT-0813,q-cr-030,canadas-regions
CIT-0814,Q267,canadas-regions
CIT-0815,q-cr-034,canadas-regions
CIT-0816,q-cr-037,canadas-regions
CIT-0817,q-cr-062,canadas-regions
CIT-0818,q-cr-043,canadas-regions
CIT-0819,Q354,canadas-regions
CIT-0820,Q099,canadas-regions
CIT-0821,Q342,canadas-regions
CIT-0822,Q345,canadas-regions
CIT-0823,q-cr-025,canadas-regions
CIT-0824,Q346,canadas-regions
CIT-0825,Q356,canadas-regions
CIT-0826,q-cr-046,canadas-regions
CIT-0827,q-cr-045,canadas-regions
CIT-0828,Q269,canadas-regions
CIT-0829,Q084,canadas-regions
CIT-0830,Q274,canadas-regions
CIT-0831,q-cr-041,canadas-regions
CIT-0832,Q347,canadas-regions
CIT-0833,Q279,canadas-regions
CIT-0834,q-cr-049,canadas-regions
CIT-0835,Q355,canadas-regions
CIT-0836,Q349,canadas-regions
CIT-0837,Q270,canadas-regions
CIT-0838,Q268,canadas-regions
CIT-0839,Q262,canadas-regions
CIT-0840,Q083,canadas-regions
CIT-0841,Q265,canadas-regions
CIT-0842,Q097,canadas-regions
CIT-0843,Q257,canadas-regions
CIT-0844,Q260,canadas-regions
CIT-0845,Q082,canadas-regions
CIT-0846,Q264,canadas-regions
CIT-0847,Q263,canadas-regions
CIT-0848,Q294,canadas-regions
CIT-0849,Q353,canadas-regions
CIT-0850,q-cr-057,canadas-regions
CIT-0851,Q280,canadas-regions
CIT-0852,q-cr-038,canadas-regions
CIT-0853,Q276,canadas-regions
CIT-0854,Q100,canadas-regions
CIT-0855,Q333,canadas-regions
CIT-0856,Q295,canadas-regions
CIT-0857,Q087,canadas-regions
CIT-0858,Q284,canadas-regions
CIT-0859,Q350,canadas-regions
CIT-0860,Q336,canadas-regions
CIT-0861,q-cr-061,canadas-regions
CIT-0862,Q283,canadas-regions
CIT-0863,Q292,canadas-regions
CIT-0864,Q289,canadas-regions
CIT-0865,q-cr-040,canadas-regions
CIT-0866,q-cr-009,canadas-regions
CIT-0867,Q271,canadas-regions
CIT-0868,Q343,canadas-regions
CIT-0869,Q080,canadas-regions
CIT-0870,q-cr-054,canadas-regions
CIT-0871,q-cr-044,canadas-regions
CIT-0872,Q492,canadas-regions
CIT-0873,q-cr-005,canadas-regions
CIT-0874,Q338,canadas-regions
CIT-0875,q-cr-011,canadas-regions
CIT-0876,Q285,canadas-regions
CIT-0877,q-cr-036,canadas-regions
CIT-0878,Q261,canadas-regions
CIT-0879,Q259,canadas-regions
CIT-0880,Q256,canadas-regions
CIT-0881,Q258,canadas-regions
CIT-0882,Q351,canadas-regions
CIT-0883,q-cr-056,canadas-regions
CIT-0884,Q341,canadas-regions
CIT-0885,Q332,canadas-regions
CIT-0886,Q291,canadas-regions
CIT-0887,q-cr-029,canadas-regions
CIT-0888,q-cr-064,canadas-regions
CIT-0889,q-cr-017,canadas-regions
CIT-0890,Q419,canadas-regions
CIT-0891,q-cr-047,canadas-regions
CIT-0892,Q329,canadas-regions
CIT-0893,Q089,canadas-regions
CIT-0894,Q293,canadas-regions
CIT-0895,Q266,canadas-regions
CIT-0896,q-cr-012,canadas-regions
CIT-0897,q-cr-048,canadas-regions
CIT-0898,Q273,canadas-regions
CIT-0899,Q278,canadas-regions
CIT-0900,q-cr-058,canadas-regions
CIT-0901,Q081,canadas-regions
CIT-0902,Q480,canadas-regions
CIT-0903,Q330,canadas-regions
CIT-0904,q-cr-032,canadas-regions
CIT-0905,q-cr-035,canadas-regions
CIT-0906,Q288,canadas-regions
CIT-0907,q-cr-007,canadas-regions
CIT-0908,q-cr-010,canadas-regions
CIT-0909,q-cr-063,canadas-regions
CIT-0910,Q357,canadas-regions
CIT-0911,q-cr-033,canadas-regions
CIT-0912,q-cr-006,canadas-regions
CIT-0913,Q481,canadas-regions
CIT-0914,q-cr-016,canadas-regions
CIT-0915,q-cr-024,canadas-regions
CIT-0916,q-cr-008,canadas-regions
CIT-0917,Q352,canadas-regions
CIT-0918,q-cr-015,canadas-regions
CIT-0919,Q290,canadas-regions
CIT-0920,q-cr-059,canadas-regions
CIT-0921,Q359,applying-for-citizenship
CIT-0922,Q360,applying-for-citizenship
CIT-0923,Q485,applying-for-citizenship
CIT-0924,Q358,applying-for-citizenship
CIT-0925,Q494,authorities
